,filename,label,predict_score,predict_classes
0,001.wav,angry,0.9999938,angry
1,002.wav,angry,0.9995105,angry
2,003.wav,angry,0.999863,angry
3,004.wav,angry,0.9999988,angry
4,005.wav,angry,0.9982729,angry
5,006.wav,angry,0.96448827,angry
6,007.wav,angry,0.9999999,angry
7,008.wav,angry,0.9999876,angry
8,009.wav,angry,0.9999769,angry
9,010.wav,angry,0.99949646,angry
10,011.wav,angry,0.9999999,angry
11,012.wav,angry,0.9959656,angry
12,013.wav,angry,0.9999814,angry
13,014.wav,angry,0.9997136,angry
14,015.wav,angry,0.9999888,angry
15,016.wav,angry,0.9999962,angry
16,017.wav,angry,0.9990202,angry
17,018.wav,angry,0.99999845,angry
18,019.wav,angry,0.9999883,angry
19,020.wav,angry,1.0,angry
20,021.wav,angry,0.9997893,angry
21,022.wav,angry,0.9971758,angry
22,023.wav,angry,1.0,angry
23,024.wav,angry,0.9999999,angry
24,025.wav,angry,0.9997621,angry
25,026.wav,angry,0.99995315,angry
26,027.wav,angry,0.99999666,angry
27,028.wav,angry,0.99999714,angry
28,029.wav,angry,0.99998164,angry
29,030.wav,angry,0.99962246,angry
30,031.wav,angry,0.9999672,angry
31,032.wav,angry,0.99953485,angry
32,033.wav,angry,0.99978787,angry
33,034.wav,angry,0.99999034,angry
34,035.wav,angry,0.99975866,angry
35,036.wav,angry,0.9995127,angry
36,037.wav,angry,0.9999951,angry
37,038.wav,angry,0.9999796,angry
38,039.wav,angry,1.0,angry
39,040.wav,angry,0.9999995,angry
40,041.wav,angry,0.9973334,angry
41,042.wav,angry,0.95852476,angry
42,043.wav,angry,0.99994695,angry
43,044.wav,angry,0.98948,angry
44,045.wav,angry,0.969067,angry
45,046.wav,angry,0.99991167,angry
46,047.wav,angry,0.99999523,angry
47,048.wav,angry,0.9999995,angry
48,049.wav,angry,0.999987,angry
49,050.wav,angry,0.99997437,angry
50,051.wav,angry,0.9998332,angry
51,052.wav,angry,0.9999974,angry
52,053.wav,angry,0.99988973,angry
53,054.wav,angry,0.9997907,angry
54,055.wav,angry,0.99616647,angry
55,056.wav,angry,0.99999726,angry
56,057.wav,angry,0.9999999,angry
57,058.wav,angry,0.999961,angry
58,059.wav,angry,0.99995446,angry
59,060.wav,angry,0.99769044,angry
60,061.wav,angry,0.999987,angry
61,062.wav,angry,0.99998355,angry
62,063.wav,angry,0.99996436,angry
63,064.wav,angry,0.9999356,angry
64,065.wav,angry,0.99999666,angry
65,066.wav,angry,0.9999621,angry
66,067.wav,angry,0.99999774,angry
67,068.wav,angry,0.99981505,angry
68,069.wav,angry,0.99999976,angry
69,070.wav,angry,0.997038,angry
70,071.wav,angry,0.96789426,angry
71,072.wav,angry,0.58931535,angry
72,073.wav,angry,0.9817957,angry
73,074.wav,angry,0.953891,angry
74,075.wav,angry,0.99228597,angry
75,076.wav,angry,0.91012245,angry
76,077.wav,angry,0.95606554,angry
77,078.wav,angry,0.98310584,angry
78,079.wav,angry,0.9969735,angry
79,080.wav,angry,0.99997234,angry
80,081.wav,angry,0.99999833,angry
81,082.wav,angry,0.99999726,angry
82,083.wav,angry,0.99995196,angry
83,084.wav,angry,0.99999976,angry
84,085.wav,angry,0.71838486,angry
85,086.wav,angry,0.9999672,angry
86,087.wav,angry,0.9988586,angry
87,088.wav,angry,0.9999546,angry
88,089.wav,angry,0.99948406,angry
89,090.wav,angry,0.71765023,angry
90,091.wav,angry,0.99822015,angry
91,092.wav,angry,0.96729016,angry
92,093.wav,angry,0.9979151,angry
93,094.wav,angry,0.98747337,angry
94,095.wav,angry,0.9916693,angry
95,096.wav,angry,0.9804782,angry
96,097.wav,angry,0.91864604,angry
97,098.wav,angry,0.95211357,angry
98,099.wav,angry,0.99715817,angry
99,100.wav,angry,0.9929838,angry
100,101.wav,angry,0.9979652,angry
101,102.wav,angry,0.97829974,angry
102,103.wav,angry,0.99900824,angry
103,104.wav,angry,0.63452077,angry
104,105.wav,angry,0.91244495,angry
105,106.wav,angry,0.93734974,angry
106,107.wav,angry,0.98923254,angry
107,108.wav,angry,0.9983308,angry
108,109.wav,angry,0.9747556,angry
109,110.wav,angry,0.07012368,happy
110,111.wav,angry,0.97708225,angry
111,112.wav,angry,0.98665106,angry
112,113.wav,angry,0.99206674,angry
113,114.wav,angry,0.9895111,angry
114,115.wav,angry,0.0024034872,chilled
115,116.wav,angry,0.0105384765,happy
116,117.wav,angry,0.98404723,angry
117,118.wav,angry,0.9893472,angry
118,119.wav,angry,0.94712657,angry
119,120.wav,angry,0.97449684,angry
120,121.wav,angry,0.97765714,angry
121,122.wav,angry,0.8062654,angry
122,123.wav,angry,0.9748812,angry
123,124.wav,angry,0.9997397,angry
124,125.wav,angry,0.9360891,angry
125,126.wav,angry,0.99747974,angry
126,127.wav,angry,0.9800432,angry
127,128.wav,angry,0.9940346,angry
128,129.wav,angry,0.9821087,angry
129,130.wav,angry,0.98563796,angry
130,131.wav,angry,0.9807771,angry
131,132.wav,angry,0.9790411,angry
132,133.wav,angry,0.9902418,angry
133,134.wav,angry,0.9915856,angry
134,135.wav,angry,0.9966235,angry
135,136.wav,angry,0.99976295,angry
136,137.wav,angry,0.99971646,angry
137,138.wav,angry,0.9026666,angry
138,139.wav,angry,0.9999062,angry
139,140.wav,angry,0.959017,angry
140,141.wav,angry,0.9761169,angry
141,142.wav,angry,0.9863615,angry
142,143.wav,angry,0.99813086,angry
143,144.wav,angry,0.99786276,angry
144,145.wav,angry,0.99957305,angry
145,146.wav,angry,0.9604851,angry
146,147.wav,angry,0.6962413,angry
147,148.wav,angry,0.96751314,angry
148,149.wav,angry,0.3193016,happy
149,150.wav,angry,0.9938692,angry
150,151.wav,angry,0.9978471,angry
151,152.wav,angry,0.9869817,angry
152,153.wav,angry,0.9302002,angry
153,154.wav,angry,0.99847573,angry
154,155.wav,angry,0.991491,angry
155,156.wav,angry,0.0025780369,happy
156,157.wav,angry,0.99305326,angry
157,158.wav,angry,0.9716489,angry
158,159.wav,angry,0.85592514,angry
159,160.wav,angry,0.86779726,angry
160,161.wav,angry,0.975066,angry
161,162.wav,angry,0.99661034,angry
162,163.wav,angry,0.97175556,angry
163,164.wav,angry,0.017673424,sad
164,165.wav,angry,0.9569507,angry
165,166.wav,angry,0.9955914,angry
166,167.wav,angry,0.987064,angry
167,168.wav,angry,0.9617591,angry
168,169.wav,angry,0.996548,angry
169,170.wav,angry,0.2475558,chilled
170,171.wav,angry,0.9943521,angry
171,172.wav,angry,0.9765245,angry
172,173.wav,chilled,7.9348746e-07,chilled
173,174.wav,chilled,1.753934e-06,chilled
174,175.wav,chilled,2.9535649e-08,chilled
175,176.wav,chilled,1.12832095e-05,chilled
176,177.wav,chilled,3.4793825e-07,chilled
177,178.wav,chilled,1.9790911e-09,chilled
178,179.wav,chilled,5.473208e-06,chilled
179,180.wav,chilled,2.0983318e-11,chilled
180,181.wav,chilled,6.234494e-08,chilled
181,182.wav,chilled,1.6572073e-06,chilled
182,183.wav,chilled,2.1004674e-07,chilled
183,184.wav,chilled,0.00010505691,chilled
184,185.wav,chilled,1.242006e-06,chilled
185,186.wav,chilled,1.4173156e-08,chilled
186,187.wav,chilled,6.8181994e-06,chilled
187,188.wav,chilled,4.5619895e-09,chilled
188,189.wav,chilled,1.1676094e-06,chilled
189,190.wav,chilled,1.9992133e-06,chilled
190,191.wav,chilled,1.0851399e-08,chilled
191,192.wav,chilled,4.7678063e-11,chilled
192,193.wav,chilled,0.00010650748,chilled
193,194.wav,chilled,9.946814e-05,chilled
194,195.wav,chilled,2.164508e-06,chilled
195,196.wav,chilled,8.8605566e-07,chilled
196,197.wav,chilled,0.0005540293,chilled
197,198.wav,chilled,1.3196232e-08,chilled
198,199.wav,chilled,1.0986878e-05,chilled
199,200.wav,chilled,4.3455675e-08,chilled
200,201.wav,chilled,3.7121143e-05,chilled
201,202.wav,chilled,5.4725544e-09,chilled
202,203.wav,chilled,9.597817e-07,chilled
203,204.wav,chilled,7.650099e-05,chilled
204,205.wav,chilled,1.4291969e-08,chilled
205,206.wav,chilled,0.0011071546,chilled
206,207.wav,chilled,3.3183884e-08,chilled
207,208.wav,chilled,1.8277869e-07,chilled
208,209.wav,chilled,0.018011035,chilled
209,210.wav,chilled,1.0168506e-07,chilled
210,211.wav,chilled,1.151784e-05,chilled
211,212.wav,chilled,9.299014e-10,chilled
212,213.wav,chilled,0.00011676603,chilled
213,214.wav,chilled,0.00024984244,chilled
214,215.wav,chilled,2.4105808e-05,chilled
215,216.wav,chilled,1.569109e-05,chilled
216,217.wav,chilled,3.5920498e-09,chilled
217,218.wav,chilled,0.01113895,chilled
218,219.wav,chilled,7.643814e-06,chilled
219,220.wav,chilled,4.195184e-06,chilled
220,221.wav,chilled,1.1291086e-07,chilled
221,222.wav,chilled,1.2368854e-06,chilled
222,223.wav,chilled,3.5186063e-06,chilled
223,224.wav,chilled,6.0385757e-13,chilled
224,225.wav,chilled,1.458626e-05,chilled
225,226.wav,chilled,2.1543015e-07,chilled
226,227.wav,chilled,2.9435021e-05,chilled
227,228.wav,chilled,7.1674336e-08,chilled
228,229.wav,chilled,2.6893551e-05,chilled
229,230.wav,chilled,1.2003565e-09,chilled
230,231.wav,chilled,5.9764727e-05,chilled
231,232.wav,chilled,5.3174415e-07,chilled
232,233.wav,chilled,0.0005478908,chilled
233,234.wav,chilled,1.1186113e-05,chilled
234,235.wav,chilled,4.7084847e-09,chilled
235,236.wav,chilled,0.0003893574,chilled
236,237.wav,chilled,2.7133086e-05,chilled
237,238.wav,chilled,4.5745134e-07,chilled
238,239.wav,chilled,7.430304e-06,chilled
239,240.wav,chilled,1.6857004e-05,chilled
240,241.wav,chilled,2.0183249e-08,chilled
241,242.wav,chilled,0.0006797605,chilled
242,243.wav,chilled,9.592734e-12,chilled
243,244.wav,chilled,7.2138164e-06,chilled
244,245.wav,chilled,2.6673077e-05,chilled
245,246.wav,chilled,3.9775536e-08,chilled
246,247.wav,chilled,1.0166382e-05,chilled
247,248.wav,chilled,5.183808e-09,chilled
248,249.wav,chilled,0.00014991229,chilled
249,250.wav,chilled,1.067907e-07,chilled
250,251.wav,chilled,0.0020553253,chilled
251,252.wav,chilled,7.090425e-05,chilled
252,253.wav,chilled,1.04242424e-07,chilled
253,254.wav,chilled,2.647057e-05,chilled
254,255.wav,chilled,3.37128e-05,chilled
255,256.wav,chilled,1.5017523e-05,chilled
256,257.wav,chilled,4.1619025e-08,chilled
257,258.wav,chilled,8.7174136e-05,chilled
258,259.wav,chilled,0.00020653586,chilled
259,260.wav,chilled,1.4807573e-06,chilled
260,261.wav,chilled,1.15609e-07,chilled
261,262.wav,chilled,7.030825e-11,chilled
262,263.wav,chilled,8.189028e-05,chilled
263,264.wav,chilled,1.1213372e-05,chilled
264,265.wav,chilled,0.00052918156,chilled
265,266.wav,chilled,2.395818e-06,chilled
266,267.wav,chilled,0.00042306655,chilled
267,268.wav,chilled,2.8061962e-09,chilled
268,269.wav,chilled,0.0002784805,chilled
269,270.wav,chilled,4.9288235e-07,chilled
270,271.wav,chilled,2.728333e-07,chilled
271,272.wav,chilled,3.18278e-05,chilled
272,273.wav,chilled,5.2440427e-08,chilled
273,274.wav,chilled,2.178897e-05,chilled
274,275.wav,chilled,0.001535459,chilled
275,276.wav,chilled,4.513759e-09,chilled
276,277.wav,chilled,1.350033e-06,chilled
277,278.wav,chilled,1.7466402e-06,chilled
278,279.wav,chilled,2.610519e-07,chilled
279,280.wav,chilled,1.4664233e-08,chilled
280,281.wav,chilled,0.00021540308,chilled
281,282.wav,chilled,2.8629074e-12,chilled
282,283.wav,chilled,9.826483e-05,chilled
283,284.wav,chilled,9.497042e-05,chilled
284,285.wav,chilled,0.0015693147,chilled
285,286.wav,chilled,7.5204416e-06,chilled
286,287.wav,chilled,9.229344e-09,chilled
287,288.wav,chilled,1.2920806e-08,chilled
288,289.wav,chilled,0.0028084598,chilled
289,290.wav,chilled,2.288397e-06,chilled
290,291.wav,chilled,3.7611458e-10,chilled
291,292.wav,chilled,0.0002818859,chilled
292,293.wav,chilled,0.00020911783,chilled
293,294.wav,chilled,1.3814903e-07,chilled
294,295.wav,chilled,2.2890272e-06,chilled
295,296.wav,chilled,0.00011062578,chilled
296,297.wav,chilled,1.5410945e-09,chilled
297,298.wav,chilled,2.729348e-05,chilled
298,299.wav,chilled,5.7371923e-11,chilled
299,300.wav,chilled,3.814336e-05,chilled
300,301.wav,chilled,4.1423067e-05,chilled
301,302.wav,chilled,0.004095333,chilled
302,303.wav,chilled,8.3991246e-05,chilled
303,304.wav,chilled,1.3476924e-07,chilled
304,305.wav,chilled,8.942453e-06,chilled
305,306.wav,chilled,2.4522884e-09,chilled
306,307.wav,chilled,0.0072366,chilled
307,308.wav,chilled,0.00071807817,chilled
308,309.wav,chilled,2.817466e-06,chilled
309,310.wav,chilled,4.7515765e-09,chilled
310,311.wav,chilled,6.2423074e-05,chilled
311,312.wav,chilled,6.3631146e-06,chilled
312,313.wav,chilled,9.807181e-06,chilled
313,314.wav,chilled,1.7378119e-05,chilled
314,315.wav,chilled,2.2729056e-07,chilled
315,316.wav,chilled,1.0168102e-06,chilled
316,317.wav,chilled,1.1113474e-05,chilled
317,318.wav,chilled,4.316599e-12,chilled
318,319.wav,chilled,2.0995123e-05,chilled
319,320.wav,chilled,0.00030262463,chilled
320,321.wav,chilled,2.9873589e-05,chilled
321,322.wav,chilled,0.0025721279,chilled
322,323.wav,chilled,1.8305117e-07,chilled
323,324.wav,chilled,8.724572e-07,chilled
324,325.wav,chilled,6.424159e-05,chilled
325,326.wav,chilled,5.8571845e-07,neutral
326,327.wav,chilled,0.000101510675,neutral
327,328.wav,chilled,4.354828e-08,chilled
328,329.wav,chilled,0.00092888525,chilled
329,330.wav,chilled,0.0001557656,neutral
330,331.wav,chilled,1.8582934e-05,chilled
331,332.wav,chilled,7.4695627e-06,chilled
332,333.wav,chilled,9.052356e-06,chilled
333,334.wav,chilled,9.372022e-06,chilled
334,335.wav,chilled,1.1256734e-06,chilled
335,336.wav,chilled,5.4966467e-06,chilled
336,337.wav,chilled,2.0749048e-05,chilled
337,338.wav,chilled,2.7985657e-11,chilled
338,339.wav,chilled,3.1242428e-06,chilled
339,340.wav,chilled,2.0150635e-05,chilled
340,341.wav,chilled,0.00021707303,chilled
341,342.wav,chilled,0.0019876312,chilled
342,343.wav,chilled,0.00012972478,chilled
343,344.wav,chilled,2.2026718e-06,chilled
344,345.wav,chilled,7.709838e-05,neutral
345,346.wav,chilled,9.3525864e-07,chilled
346,347.wav,chilled,0.0009864067,neutral
347,348.wav,chilled,3.6728397e-06,chilled
348,349.wav,chilled,0.0006854268,chilled
349,350.wav,chilled,1.4262961e-05,neutral
350,351.wav,chilled,4.5764307e-05,chilled
351,352.wav,chilled,4.4268354e-06,chilled
352,353.wav,chilled,0.00038397693,neutral
353,354.wav,chilled,3.433634e-06,chilled
354,355.wav,chilled,2.1332577e-05,chilled
355,356.wav,chilled,8.688142e-05,chilled
356,357.wav,chilled,4.09738e-05,neutral
357,358.wav,chilled,1.5523889e-05,neutral
358,359.wav,chilled,2.45076e-05,neutral
359,360.wav,chilled,1.7167291e-07,chilled
360,361.wav,chilled,6.819333e-05,neutral
361,362.wav,chilled,7.6916706e-08,chilled
362,363.wav,chilled,2.3227894e-05,neutral
363,364.wav,chilled,0.0026356129,chilled
364,365.wav,chilled,8.706216e-05,chilled
365,366.wav,chilled,4.966619e-06,chilled
366,367.wav,chilled,0.0005027409,chilled
367,368.wav,chilled,0.0017321727,chilled
368,369.wav,chilled,0.0015917392,chilled
369,370.wav,chilled,1.0249266e-06,neutral
370,371.wav,chilled,0.00055106374,neutral
371,372.wav,chilled,8.669791e-06,chilled
372,373.wav,chilled,9.403848e-05,chilled
373,374.wav,chilled,0.00091779255,chilled
374,375.wav,chilled,5.3851577e-06,chilled
375,376.wav,chilled,0.0012050678,neutral
376,377.wav,chilled,3.4787107e-07,chilled
377,378.wav,chilled,0.007314004,neutral
378,379.wav,chilled,1.314828e-07,chilled
379,380.wav,chilled,0.0040063364,chilled
380,381.wav,chilled,2.7857834e-07,chilled
381,382.wav,chilled,9.601187e-06,neutral
382,383.wav,chilled,3.6258865e-07,chilled
383,384.wav,chilled,0.00092506537,neutral
384,385.wav,chilled,6.5713702e-06,chilled
385,386.wav,chilled,0.0020170212,chilled
386,387.wav,chilled,1.5594667e-05,chilled
387,388.wav,chilled,8.894386e-05,chilled
388,389.wav,chilled,0.00011031982,chilled
389,390.wav,chilled,1.5354522e-06,chilled
390,391.wav,chilled,7.5694817e-07,chilled
391,392.wav,chilled,3.285217e-05,neutral
392,393.wav,chilled,7.245218e-07,chilled
393,394.wav,chilled,6.7519904e-05,neutral
394,395.wav,chilled,0.0003096435,chilled
395,396.wav,chilled,0.0016725186,neutral
396,397.wav,chilled,5.356371e-07,chilled
397,398.wav,chilled,0.013281273,chilled
398,399.wav,chilled,2.1724226e-07,chilled
399,400.wav,chilled,0.0022073763,chilled
400,401.wav,chilled,3.6495626e-06,neutral
401,402.wav,chilled,6.2948125e-06,chilled
402,403.wav,chilled,0.0011585081,chilled
403,404.wav,chilled,4.4639805e-07,chilled
404,405.wav,chilled,8.8907844e-05,chilled
405,406.wav,chilled,2.4566305e-07,chilled
406,407.wav,chilled,0.0020470088,neutral
407,408.wav,chilled,6.463567e-07,chilled
408,409.wav,chilled,4.119956e-06,chilled
409,410.wav,chilled,4.7765397e-08,chilled
410,411.wav,chilled,3.174102e-05,chilled
411,412.wav,chilled,2.340653e-05,chilled
412,413.wav,chilled,0.0021951331,neutral
413,414.wav,chilled,1.0524003e-05,chilled
414,415.wav,chilled,3.0001147e-06,chilled
415,416.wav,chilled,6.5362794e-05,chilled
416,417.wav,chilled,0.0035288015,neutral
417,418.wav,chilled,0.0006007435,chilled
418,419.wav,chilled,0.0020973978,chilled
419,420.wav,chilled,5.5963585e-09,chilled
420,421.wav,chilled,3.8352996e-06,neutral
421,422.wav,chilled,4.0875398e-07,chilled
422,423.wav,chilled,0.00015903568,neutral
423,424.wav,chilled,0.00015727685,chilled
424,425.wav,chilled,0.0036250046,chilled
425,426.wav,chilled,0.0006460484,chilled
426,427.wav,chilled,4.8870443e-05,chilled
427,428.wav,chilled,3.8130345e-06,neutral
428,429.wav,chilled,0.00034183735,neutral
429,430.wav,chilled,1.5335611e-07,neutral
430,431.wav,chilled,5.684525e-05,chilled
431,432.wav,happy,0.9999999,angry
432,433.wav,happy,0.019896733,happy
433,434.wav,happy,2.2643794e-06,happy
434,435.wav,happy,0.23138829,happy
435,436.wav,happy,1.0182728e-10,happy
436,437.wav,happy,0.00360988,happy
437,438.wav,happy,2.0613954e-05,happy
438,439.wav,happy,1.3882892e-05,happy
439,440.wav,happy,0.021924589,happy
440,441.wav,happy,6.2429344e-15,happy
441,442.wav,happy,2.624095e-06,happy
442,443.wav,happy,8.247193e-07,happy
443,444.wav,happy,4.4348493e-05,happy
444,445.wav,happy,0.0430412,happy
445,446.wav,happy,4.1645785e-09,happy
446,447.wav,happy,0.017311962,happy
447,448.wav,happy,8.308414e-07,happy
448,449.wav,happy,0.11604965,happy
449,450.wav,happy,0.6517418,angry
450,451.wav,happy,0.0055536353,happy
451,452.wav,happy,0.08177562,happy
452,453.wav,happy,0.01640125,happy
453,454.wav,happy,0.0005873946,happy
454,455.wav,happy,2.7828202e-05,happy
455,456.wav,happy,0.000244868,happy
456,457.wav,happy,0.00015563601,happy
457,458.wav,happy,4.20375e-15,happy
458,459.wav,happy,8.673123e-06,happy
459,460.wav,happy,0.014278,happy
460,461.wav,happy,0.0043397313,happy
461,462.wav,happy,0.09617105,happy
462,463.wav,happy,0.00334702,happy
463,464.wav,happy,3.1253917e-06,happy
464,465.wav,happy,0.012019206,happy
465,466.wav,happy,0.007861749,happy
466,467.wav,happy,0.001937132,happy
467,468.wav,happy,9.325709e-06,happy
468,469.wav,happy,0.0056663295,happy
469,470.wav,happy,0.003352064,happy
470,471.wav,happy,0.0010020098,happy
471,472.wav,happy,0.04494297,happy
472,473.wav,happy,0.00012994086,happy
473,474.wav,happy,3.7840477e-05,happy
474,475.wav,happy,0.00021787656,happy
475,476.wav,happy,0.007042798,happy
476,477.wav,happy,0.000871341,happy
477,478.wav,happy,9.31946e-13,happy
478,479.wav,happy,0.007963831,happy
479,480.wav,happy,0.04155276,happy
480,481.wav,happy,2.5367086e-07,happy
481,482.wav,happy,2.1642181e-06,happy
482,483.wav,happy,7.413225e-06,happy
483,484.wav,happy,1.7662742e-05,happy
484,485.wav,happy,1.1693189e-05,happy
485,486.wav,happy,0.011762517,happy
486,487.wav,happy,0.12408373,happy
487,488.wav,happy,6.465115e-05,happy
488,489.wav,happy,1.01102e-06,happy
489,490.wav,happy,6.175923e-09,happy
490,491.wav,happy,0.012570264,happy
491,492.wav,happy,1.9851099e-05,happy
492,493.wav,happy,0.004236724,happy
493,494.wav,happy,0.008142248,happy
494,495.wav,happy,0.00018472272,happy
495,496.wav,happy,0.0026487864,happy
496,497.wav,happy,0.000580324,happy
497,498.wav,happy,0.00069918245,happy
498,499.wav,happy,2.9168736e-05,happy
499,500.wav,happy,3.1308402e-05,happy
500,501.wav,happy,0.00051324535,happy
501,502.wav,happy,0.09880899,happy
502,503.wav,happy,2.7523725e-05,happy
503,504.wav,happy,0.007498688,happy
504,505.wav,happy,8.6182474e-08,happy
505,506.wav,happy,0.11605427,happy
506,507.wav,happy,0.04155895,happy
507,508.wav,happy,0.00027758753,happy
508,509.wav,happy,0.0008295486,happy
509,510.wav,happy,0.05685907,happy
510,511.wav,happy,0.000113203685,happy
511,512.wav,happy,0.7874666,angry
512,513.wav,happy,0.036624253,happy
513,514.wav,happy,0.0004991748,happy
514,515.wav,happy,0.053469628,happy
515,516.wav,happy,0.07482224,happy
516,517.wav,happy,2.0783842e-05,happy
517,518.wav,happy,0.036968082,happy
518,519.wav,happy,0.0010400978,happy
519,520.wav,happy,0.020917168,happy
520,521.wav,happy,0.0011459107,sad
521,522.wav,happy,0.032349,happy
522,523.wav,happy,0.00030070235,happy
523,524.wav,happy,0.0041848933,happy
524,525.wav,happy,0.0035593135,happy
525,526.wav,happy,0.0020771725,happy
526,527.wav,happy,0.051736508,happy
527,528.wav,happy,0.00446011,happy
528,529.wav,happy,0.00039491305,happy
529,530.wav,happy,4.018423e-05,happy
530,531.wav,happy,0.05665034,happy
531,532.wav,happy,0.0019090356,happy
532,533.wav,happy,0.001494719,happy
533,534.wav,happy,0.0016123407,happy
534,535.wav,happy,0.013133152,happy
535,536.wav,happy,3.8659626e-05,happy
536,537.wav,happy,0.3010526,happy
537,538.wav,happy,0.00016807724,happy
538,539.wav,happy,0.0015177458,happy
539,540.wav,happy,0.0011329548,happy
540,541.wav,happy,7.668606e-05,happy
541,542.wav,happy,0.05177879,happy
542,543.wav,happy,0.1559211,neutral
543,544.wav,happy,2.6623346e-07,happy
544,545.wav,happy,0.036968082,happy
545,546.wav,happy,0.010783983,happy
546,547.wav,happy,0.010592112,happy
547,548.wav,happy,3.0978335e-08,happy
548,549.wav,happy,0.016433133,happy
549,550.wav,happy,0.26523274,happy
550,551.wav,happy,0.0031175711,happy
551,552.wav,happy,0.001475113,happy
552,553.wav,happy,0.00067694456,happy
553,554.wav,happy,0.9149483,angry
554,555.wav,happy,0.007580585,happy
555,556.wav,happy,0.0010623819,happy
556,557.wav,happy,0.034861762,happy
557,558.wav,happy,0.0002717891,happy
558,559.wav,happy,0.15175904,happy
559,560.wav,happy,0.0009917413,happy
560,561.wav,happy,0.0026986874,happy
561,562.wav,happy,0.0013108976,happy
562,563.wav,happy,0.00072871434,sad
563,564.wav,happy,0.00047400745,happy
564,565.wav,happy,0.0026133547,happy
565,566.wav,happy,0.000764243,happy
566,567.wav,happy,3.8691298e-05,happy
567,568.wav,happy,0.023632767,chilled
568,569.wav,happy,3.55991e-11,happy
569,570.wav,happy,0.02321754,happy
570,571.wav,happy,0.05490919,happy
571,572.wav,happy,0.18555169,happy
572,573.wav,happy,0.00029965333,happy
573,574.wav,happy,0.053766556,happy
574,575.wav,happy,0.0074658343,happy
575,576.wav,happy,0.00033249983,chilled
576,577.wav,happy,0.0002499987,happy
577,578.wav,happy,0.04773578,happy
578,579.wav,happy,0.01498125,happy
579,580.wav,happy,0.0025666282,happy
580,581.wav,happy,0.0010742488,happy
581,582.wav,happy,0.0004967129,happy
582,583.wav,happy,0.4899259,angry
583,584.wav,happy,0.009287195,happy
584,585.wav,happy,0.0002793674,happy
585,586.wav,happy,0.0030830614,chilled
586,587.wav,happy,0.010310944,happy
587,588.wav,happy,6.555241e-10,happy
588,589.wav,happy,0.037462387,happy
589,590.wav,happy,0.00025106358,chilled
590,591.wav,happy,0.027924508,happy
591,592.wav,happy,0.012724344,happy
592,593.wav,happy,0.008856888,happy
593,594.wav,happy,0.038817495,happy
594,595.wav,happy,1.1811898e-05,sad
595,596.wav,happy,0.03397164,happy
596,597.wav,happy,0.0014204117,happy
597,598.wav,happy,0.036566544,happy
598,599.wav,happy,0.056385294,happy
599,600.wav,happy,0.00019735057,happy
600,601.wav,happy,0.0032797353,happy
601,602.wav,happy,0.080159806,happy
602,603.wav,happy,0.0013766012,happy
603,604.wav,neutral,3.6728397e-06,chilled
604,605.wav,neutral,0.0006854268,chilled
605,606.wav,neutral,1.4262961e-05,neutral
606,607.wav,neutral,4.5764307e-05,chilled
607,608.wav,neutral,4.4268354e-06,chilled
608,609.wav,neutral,0.00038397693,neutral
609,610.wav,neutral,3.433634e-06,chilled
610,611.wav,neutral,2.1332577e-05,chilled
611,612.wav,neutral,4.09738e-05,neutral
612,613.wav,neutral,1.5523889e-05,neutral
613,614.wav,neutral,2.45076e-05,neutral
614,615.wav,neutral,1.7167291e-07,chilled
615,616.wav,neutral,6.819333e-05,neutral
616,617.wav,neutral,7.6916706e-08,chilled
617,618.wav,neutral,2.3227894e-05,neutral
618,619.wav,neutral,0.0026356129,chilled
619,620.wav,neutral,8.706216e-05,chilled
620,621.wav,neutral,0.0005027409,chilled
621,622.wav,neutral,0.0017321727,chilled
622,623.wav,neutral,0.0015917392,chilled
623,624.wav,neutral,1.0249266e-06,neutral
624,625.wav,neutral,0.00055106374,neutral
625,626.wav,neutral,6.424159e-05,chilled
626,627.wav,neutral,5.8571845e-07,neutral
627,628.wav,neutral,0.000101510675,neutral
628,629.wav,neutral,4.354828e-08,chilled
629,630.wav,neutral,0.00092888525,chilled
630,631.wav,neutral,0.0001557656,neutral
631,632.wav,neutral,1.8582934e-05,chilled
632,633.wav,neutral,7.4695627e-06,chilled
633,634.wav,neutral,3.6495626e-06,neutral
634,635.wav,neutral,6.2948125e-06,chilled
635,636.wav,neutral,0.0011585081,chilled
636,637.wav,neutral,4.4639805e-07,chilled
637,638.wav,neutral,2.4566305e-07,chilled
638,639.wav,neutral,0.0020470088,neutral
639,640.wav,neutral,6.463567e-07,chilled
640,641.wav,neutral,4.119956e-06,chilled
641,642.wav,neutral,4.7765397e-08,chilled
642,643.wav,neutral,2.340653e-05,chilled
643,644.wav,neutral,0.0021951331,neutral
644,645.wav,neutral,1.0524003e-05,chilled
645,646.wav,neutral,6.5362794e-05,chilled
646,647.wav,neutral,0.0035288015,neutral
647,648.wav,neutral,0.0006007435,chilled
648,649.wav,neutral,0.0020973978,chilled
649,650.wav,neutral,5.5963585e-09,chilled
650,651.wav,neutral,3.8352996e-06,neutral
651,652.wav,neutral,0.00015903568,neutral
652,653.wav,neutral,0.00015727685,chilled
653,654.wav,neutral,8.669791e-06,chilled
654,655.wav,neutral,9.403848e-05,chilled
655,656.wav,neutral,5.3851577e-06,chilled
656,657.wav,neutral,0.0012050678,neutral
657,658.wav,neutral,3.4787107e-07,chilled
658,659.wav,neutral,1.314828e-07,chilled
659,660.wav,neutral,0.0040063364,chilled
660,661.wav,neutral,2.7857834e-07,chilled
661,662.wav,neutral,9.601187e-06,neutral
662,663.wav,neutral,3.6258865e-07,chilled
663,664.wav,neutral,0.00092506537,neutral
664,665.wav,neutral,6.5713702e-06,chilled
665,666.wav,neutral,0.0020170212,chilled
666,667.wav,neutral,1.5594667e-05,chilled
667,668.wav,neutral,8.894386e-05,chilled
668,669.wav,neutral,0.00011031982,chilled
669,670.wav,neutral,1.5354522e-06,chilled
670,671.wav,neutral,7.5694817e-07,chilled
671,672.wav,neutral,3.285217e-05,neutral
672,673.wav,neutral,7.245218e-07,chilled
673,674.wav,neutral,6.7519904e-05,neutral
674,675.wav,neutral,0.0016725186,neutral
675,676.wav,neutral,5.356371e-07,chilled
676,677.wav,neutral,0.013281273,chilled
677,678.wav,neutral,2.1724226e-07,chilled
678,679.wav,neutral,7.709838e-05,neutral
679,680.wav,neutral,9.3525864e-07,chilled
680,681.wav,neutral,0.0009864067,neutral
681,682.wav,neutral,0.0006460484,chilled
682,683.wav,neutral,4.8870443e-05,chilled
683,684.wav,neutral,3.8130345e-06,neutral
684,685.wav,neutral,0.00034183735,neutral
685,686.wav,neutral,1.5335611e-07,neutral
686,687.wav,neutral,5.684525e-05,chilled
687,688.wav,neutral,0.0022073763,chilled
688,689.wav,sad,8.788767e-06,sad
689,690.wav,sad,0.000120451004,sad
690,691.wav,sad,0.00026415076,sad
691,692.wav,sad,0.0005073341,sad
692,693.wav,sad,1.4356007e-07,sad
693,694.wav,sad,1.958117e-09,sad
694,695.wav,sad,4.5949704e-07,sad
695,696.wav,sad,6.7490605e-06,sad
696,697.wav,sad,0.00038790188,sad
697,698.wav,sad,0.0066647376,sad
698,699.wav,sad,9.898667e-07,sad
699,700.wav,sad,0.0027043629,sad
700,701.wav,sad,7.6406786e-10,sad
701,702.wav,sad,1.1052667e-14,sad
702,703.wav,sad,1.3070387e-09,sad
703,704.wav,sad,2.6091095e-13,sad
704,705.wav,sad,0.0003633209,sad
705,706.wav,sad,4.4171893e-06,sad
706,707.wav,sad,1.8515228e-05,sad
707,708.wav,sad,4.4184607e-11,sad
708,709.wav,sad,6.668989e-05,sad
709,710.wav,sad,1.7935673e-06,sad
710,711.wav,sad,4.6302805e-05,sad
711,712.wav,sad,2.56965e-07,sad
712,713.wav,sad,0.009800632,happy
713,714.wav,sad,0.0018632013,sad
714,715.wav,sad,2.0726055e-11,sad
715,716.wav,sad,6.246624e-12,sad
716,717.wav,sad,0.001369581,sad
717,718.wav,sad,3.8100243e-05,sad
718,719.wav,sad,0.00011243505,sad
719,720.wav,sad,2.5770596e-05,sad
720,721.wav,sad,2.4910283e-09,sad
721,722.wav,sad,0.00095612777,sad
722,723.wav,sad,1.2738434e-10,sad
723,724.wav,sad,3.5910483e-07,sad
724,725.wav,sad,4.0077222e-07,sad
725,726.wav,sad,2.940582e-05,sad
726,727.wav,sad,7.83431e-05,sad
727,728.wav,sad,5.940908e-10,sad
728,729.wav,sad,0.00575349,sad
729,730.wav,sad,0.00033037306,sad
730,731.wav,sad,1.3225649e-07,sad
731,732.wav,sad,0.0004279541,sad
732,733.wav,sad,7.85211e-06,sad
733,734.wav,sad,2.0119065e-05,sad
734,735.wav,sad,5.8671244e-06,sad
735,736.wav,sad,8.3717305e-07,sad
736,737.wav,sad,0.00012476754,sad
737,738.wav,sad,1.0790167e-10,sad
738,739.wav,sad,1.9160582e-06,sad
739,740.wav,sad,5.1415555e-10,sad
740,741.wav,sad,8.76352e-09,sad
741,742.wav,sad,0.00019222636,sad
742,743.wav,sad,6.938278e-13,sad
743,744.wav,sad,0.0011678602,sad
744,745.wav,sad,1.8041614e-05,sad
745,746.wav,sad,0.0060276026,sad
746,747.wav,sad,8.78204e-06,sad
747,748.wav,sad,0.0003433569,sad
748,749.wav,sad,0.054174658,sad
749,750.wav,sad,8.607417e-15,sad
750,751.wav,sad,8.636646e-09,sad
751,752.wav,sad,8.235532e-05,sad
752,753.wav,sad,8.552383e-08,sad
753,754.wav,sad,5.0889524e-09,sad
754,755.wav,sad,9.808198e-05,sad
755,756.wav,sad,1.6080201e-12,sad
756,757.wav,sad,5.8779016e-11,sad
757,758.wav,sad,2.9182733e-05,sad
758,759.wav,sad,8.617356e-05,sad
759,760.wav,sad,0.052643184,sad
760,761.wav,sad,3.736447e-12,sad
761,762.wav,sad,0.00043729466,sad
762,763.wav,sad,0.025855415,sad
763,764.wav,sad,0.0001652211,happy
764,765.wav,sad,5.870064e-08,sad
765,766.wav,sad,0.0010637686,sad
766,767.wav,sad,3.9160946e-06,sad
767,768.wav,sad,1.4077916e-06,sad
768,769.wav,sad,8.9557456e-10,sad
769,770.wav,sad,0.00012664653,sad
770,771.wav,sad,1.6069543e-10,sad
771,772.wav,sad,0.00023298358,sad
772,773.wav,sad,9.555785e-05,chilled
773,774.wav,sad,8.6043656e-05,sad
774,775.wav,sad,3.9678716e-06,chilled
775,776.wav,sad,3.7828515e-06,sad
776,777.wav,sad,7.004986e-05,sad
777,778.wav,sad,1.8183617e-07,sad
778,779.wav,sad,3.8077692e-06,sad
779,780.wav,sad,2.6639884e-06,sad
780,781.wav,sad,0.00041706028,sad
781,782.wav,sad,8.635326e-06,sad
782,783.wav,sad,0.0027795935,sad
783,784.wav,sad,0.0008125456,sad
784,785.wav,sad,3.32447e-05,sad
785,786.wav,sad,3.0063891e-05,sad
786,787.wav,sad,0.0003402715,sad
787,788.wav,sad,4.139013e-08,chilled
788,789.wav,sad,0.010089543,sad
789,790.wav,sad,0.0003559595,chilled
790,791.wav,sad,5.811176e-07,chilled
791,792.wav,sad,0.0065920856,sad
792,793.wav,sad,0.00014687241,sad
793,794.wav,sad,0.0018784433,sad
794,795.wav,sad,0.00010004423,chilled
795,796.wav,sad,0.0030477678,sad
796,797.wav,sad,2.7603762e-06,sad
797,798.wav,sad,6.5889344e-07,chilled
798,799.wav,sad,0.0002954239,chilled
799,800.wav,sad,0.00018117159,sad
800,801.wav,sad,0.0012137543,sad
801,802.wav,sad,1.734359e-05,sad
802,803.wav,sad,2.0582578e-05,sad
803,804.wav,sad,5.5753316e-07,sad
804,805.wav,sad,0.0034873392,sad
805,806.wav,sad,3.1176405e-05,sad
806,807.wav,sad,0.0006070137,sad
807,808.wav,sad,0.008652229,sad
808,809.wav,sad,0.0005093438,sad
809,810.wav,sad,0.107194364,happy
810,811.wav,sad,2.0345735e-06,chilled
811,812.wav,sad,0.00579736,sad
812,813.wav,sad,0.0014790621,chilled
813,814.wav,sad,6.242023e-05,sad
814,815.wav,sad,1.6543538e-05,chilled
815,816.wav,sad,0.038821273,sad
816,817.wav,sad,0.0008223113,sad
817,818.wav,sad,0.0010261819,chilled
818,819.wav,sad,0.00023277533,sad
819,820.wav,sad,1.843747e-05,sad
820,821.wav,sad,1.527171e-10,chilled
821,822.wav,sad,5.194466e-06,chilled
822,823.wav,sad,0.0001195418,chilled
823,824.wav,sad,2.1236922e-08,chilled
824,825.wav,sad,0.0107407905,chilled
825,826.wav,sad,1.2963439e-07,sad
826,827.wav,sad,6.990231e-06,sad
827,828.wav,sad,3.773376e-06,sad
828,829.wav,sad,0.0018468077,sad
829,830.wav,sad,1.2819143e-07,chilled
830,831.wav,sad,0.00031151032,sad
831,832.wav,sad,0.0006265106,sad
832,833.wav,sad,1.6057616e-05,sad
833,834.wav,sad,1.2432282e-05,sad
834,835.wav,sad,0.001171462,sad
835,836.wav,sad,0.00023305276,sad
836,837.wav,sad,2.4189396e-05,sad
837,838.wav,sad,2.0204508e-05,sad
838,839.wav,sad,1.5687951e-06,sad
839,840.wav,sad,6.407279e-05,neutral
840,841.wav,sad,2.075385e-07,sad
841,842.wav,sad,0.0003282154,sad
842,843.wav,sad,0.00020031957,sad
843,844.wav,sad,6.207476e-05,sad
844,845.wav,sad,0.12883246,happy
845,846.wav,sad,0.0008760174,sad
846,847.wav,sad,2.2166646e-06,sad
847,848.wav,sad,0.0037980357,chilled
848,849.wav,sad,3.0549392e-05,chilled
849,850.wav,sad,0.00036391924,sad
850,851.wav,sad,0.007490763,sad
851,852.wav,sad,0.00017475784,sad
852,853.wav,sad,2.056087e-06,sad
853,854.wav,sad,0.00047192056,sad
854,855.wav,sad,8.088259e-06,sad
855,856.wav,sad,1.261157e-06,chilled
856,857.wav,sad,6.5536005e-05,sad
857,858.wav,sad,7.126809e-05,sad
858,859.wav,sad,0.0049005426,chilled
